<Scene>
	<Models>
		<Model Name="Floor.ply">
			<Transform x="0.000000" y="-2.000000" z="0.000000"/>
			<Rotation x="0.000000" y="0.000000" z="0.000000"/>
			<Scale scale="15.000000"/>
			<Textures>
				<Texture name="GravelWalkway.bmp" ratio="1.000000" textureUnit="0"/>
			</Textures>
		</Model>
		<Model Name="Floor.ply">
			<Transform x="0.000000" y="-2.000000" z="30.500000"/>
			<Rotation x="0.000000" y="0.000000" z="0.000000"/>
			<Scale scale="15.000000"/>
			<Textures>
				<Texture name="GravelWalkway.bmp" ratio="1.000000" textureUnit="0"/>
			</Textures>
		</Model>
		<Model Name="Floor.ply">
			<Transform x="0.000000" y="-2.000000" z="60.919983"/>
			<Rotation x="0.000000" y="0.000000" z="0.000000"/>
			<Scale scale="15.000000"/>
			<Textures>
				<Texture name="GravelWalkway.bmp" ratio="1.000000" textureUnit="0"/>
			</Textures>
		</Model>
		<Model Name="Floor.ply">
			<Transform x="0.000000" y="-2.000000" z="91.309967"/>
			<Rotation x="0.000000" y="0.000000" z="0.000000"/>
			<Scale scale="15.000000"/>
			<Textures>
				<Texture name="GravelWalkway.bmp" ratio="1.000000" textureUnit="0"/>
			</Textures>
		</Model>
		<Model Name="Floor.ply">
			<Transform x="0.000000" y="-2.000000" z="121.729950"/>
			<Rotation x="0.000000" y="0.000000" z="0.000000"/>
			<Scale scale="15.000000"/>
			<Textures>
				<Texture name="GravelWalkway.bmp" ratio="1.000000" textureUnit="0"/>
			</Textures>
		</Model>
		<Model Name="Floor.ply">
			<Transform x="-30.420010" y="-2.000000" z="0.000000"/>
			<Rotation x="0.000000" y="0.000000" z="0.000000"/>
			<Scale scale="15.000000"/>
			<Textures>
				<Texture name="JungleFloor.bmp" ratio="1.000000" textureUnit="0"/>
			</Textures>
		</Model>
		<Model Name="Floor.ply">
			<Transform x="-30.390009" y="-2.000000" z="30.360281"/>
			<Rotation x="0.000000" y="0.000000" z="0.000000"/>
			<Scale scale="15.000000"/>
			<Textures>
				<Texture name="JungleFloor.bmp" ratio="1.000000" textureUnit="0"/>
			</Textures>
		</Model>
		<Model Name="Floor.ply">
			<Transform x="-30.360008" y="-2.000000" z="60.749149"/>
			<Rotation x="0.000000" y="0.000000" z="0.000000"/>
			<Scale scale="15.000000"/>
			<Textures>
				<Texture name="JungleFloor.bmp" ratio="1.000000" textureUnit="0"/>
			</Textures>
		</Model>
		<Model Name="Floor.ply">
			<Transform x="-30.390009" y="-2.030000" z="91.347908"/>
			<Rotation x="0.000000" y="0.000000" z="0.000000"/>
			<Scale scale="15.000000"/>
			<Textures>
				<Texture name="JungleFloor.bmp" ratio="1.000000" textureUnit="0"/>
			</Textures>
		</Model>
		<Model Name="Floor.ply">
			<Transform x="-30.300007" y="-2.060000" z="122.096657"/>
			<Rotation x="0.000000" y="0.000000" z="0.000000"/>
			<Scale scale="15.000000"/>
			<Textures>
				<Texture name="JungleFloor.bmp" ratio="1.000000" textureUnit="0"/>
			</Textures>
		</Model>
		<Model Name="Floor.ply">
			<Transform x="30.300007" y="-2.000000" z="30.030273"/>
			<Rotation x="0.000000" y="0.000000" z="0.000000"/>
			<Scale scale="15.000000"/>
			<Textures>
				<Texture name="JungleFloor.bmp" ratio="1.000000" textureUnit="0"/>
			</Textures>
		</Model>
		<Model Name="Floor.ply">
			<Transform x="30.450010" y="-2.000000" z="60.329166"/>
			<Rotation x="0.000000" y="0.000000" z="0.000000"/>
			<Scale scale="15.000000"/>
			<Textures>
				<Texture name="JungleFloor.bmp" ratio="1.000000" textureUnit="0"/>
			</Textures>
		</Model>
		<Model Name="Floor.ply">
			<Transform x="30.300007" y="-2.000000" z="90.627937"/>
			<Rotation x="0.000000" y="0.000000" z="0.000000"/>
			<Scale scale="15.000000"/>
			<Textures>
				<Texture name="JungleFloor.bmp" ratio="1.000000" textureUnit="0"/>
			</Textures>
		</Model>
		<Model Name="Floor.ply">
			<Transform x="30.330008" y="-2.000000" z="121.046700"/>
			<Rotation x="0.000000" y="0.000000" z="0.000000"/>
			<Scale scale="15.000000"/>
			<Textures>
				<Texture name="JungleFloor.bmp" ratio="1.000000" textureUnit="0"/>
			</Textures>
		</Model>
		<Model Name="Floor.ply">
			<Transform x="30.360008" y="-2.000000" z="-0.330000"/>
			<Rotation x="0.000000" y="0.000000" z="0.000000"/>
			<Scale scale="15.000000"/>
			<Textures>
				<Texture name="JungleFloor.bmp" ratio="1.000000" textureUnit="0"/>
			</Textures>
		</Model>
		<Model Name="Chunky.ply">
			<Transform x="0.000000" y="1.000000" z="0.000000"/>
			<Rotation x="0.000000" y="3.100000" z="0.000000"/>
			<Scale scale="1.000000"/>
			<Textures>
				<Texture name="chunky.bmp" ratio="1.000000" textureUnit="0"/>
			</Textures>
		</Model>
		<Model Name="Temple.ply">
			<Transform x="0.000000" y="-1.159999" z="450.504883"/>
			<Rotation x="0.000000" y="0.000000" z="0.000000"/>
			<Scale scale="20.000000"/>
			<Textures>
				<Texture name="Temple.bmp" ratio="1.000000" textureUnit="0"/>
			</Textures>
		</Model>
		<Model Name="Shack.ply">
			<Transform x="65.758949" y="-5.360006" z="59.669193"/>
			<Rotation x="0.000000" y="1.570800" z="0.000000"/>
			<Scale scale="2.500000"/>
			<Textures>
				<Texture name="ShackWood.bmp" ratio="1.000000" textureUnit="0"/>
			</Textures>
		</Model>
		<Model Name="WoodenSign.ply">
			<Transform x="15.229967" y="0.000000" z="-5.010004"/>
			<Rotation x="0.000000" y="1.570800" z="0.000000"/>
			<Scale scale="5.000000"/>
			<Textures>
				<Texture name="WoodenSign.bmp" ratio="1.000000" textureUnit="0"/>
				<Texture name="ArrowForWoodSign.bmp" ratio="0.200000" textureUnit="1"/>
			</Textures>
		</Model>
	</Models>
</Scene>

