<Scene>
  <!-- add a way to load used models that dont render in the begining of each scene-->

  <Models>
    <Model Name="Floor.ply">
      <Transform x="0.000000" y="-2.000000" z="0.000000"/>
      <Rotation x="0.000000" y="0.000000" z="0.000000"/>
      <Scale scale="15.000000"/>
      <Textures>
        <Texture name="GravelWalkway.bmp" ratio="1.000000" textureUnit="0"/>
      </Textures>
    </Model>
    <Model Name="Floor.ply">
      <Transform x="0.000000" y="-2.000000" z="30.500000"/>
      <Rotation x="0.000000" y="0.000000" z="0.000000"/>
      <Scale scale="15.000000"/>
      <Textures>
        <Texture name="GravelWalkway.bmp" ratio="1.000000" textureUnit="0"/>
      </Textures>
    </Model>
    <Model Name="Floor.ply">
      <Transform x="0.000000" y="-2.000000" z="60.919983"/>
      <Rotation x="0.000000" y="0.000000" z="0.000000"/>
      <Scale scale="15.000000"/>
      <Textures>
        <Texture name="GravelWalkway.bmp" ratio="1.000000" textureUnit="0"/>
      </Textures>
    </Model>
    <Model Name="Floor.ply">
      <Transform x="0.000000" y="-2.000000" z="91.309967"/>
      <Rotation x="0.000000" y="0.000000" z="0.000000"/>
      <Scale scale="15.000000"/>
      <Textures>
        <Texture name="GravelWalkway.bmp" ratio="1.000000" textureUnit="0"/>
      </Textures>
    </Model>
    <Model Name="Floor.ply">
      <Transform x="0.000000" y="-2.000000" z="121.729950"/>
      <Rotation x="0.000000" y="0.000000" z="0.000000"/>
      <Scale scale="15.000000"/>
      <Textures>
        <Texture name="GravelWalkway.bmp" ratio="1.000000" textureUnit="0"/>
      </Textures>
    </Model>
    <Model Name="Floor.ply">
      <Transform x="-30.420010" y="-2.000000" z="0.000000"/>
      <Rotation x="0.000000" y="0.000000" z="0.000000"/>
      <Scale scale="15.000000"/>
      <Textures>
        <Texture name="JungleFloor.bmp" ratio="1.000000" textureUnit="0"/>
      </Textures>
    </Model>
    <Model Name="Floor.ply">
      <Transform x="-30.390009" y="-2.000000" z="30.360281"/>
      <Rotation x="0.000000" y="0.000000" z="0.000000"/>
      <Scale scale="15.000000"/>
      <Textures>
        <Texture name="JungleFloor.bmp" ratio="1.000000" textureUnit="0"/>
      </Textures>
    </Model>
    <Model Name="Floor.ply">
      <Transform x="-30.360008" y="-2.000000" z="60.749149"/>
      <Rotation x="0.000000" y="0.000000" z="0.000000"/>
      <Scale scale="15.000000"/>
      <Textures>
        <Texture name="JungleFloor.bmp" ratio="1.000000" textureUnit="0"/>
      </Textures>
    </Model>
    <Model Name="Floor.ply">
      <Transform x="-30.390009" y="-2.030000" z="91.347908"/>
      <Rotation x="0.000000" y="0.000000" z="0.000000"/>
      <Scale scale="15.000000"/>
      <Textures>
        <Texture name="JungleFloor.bmp" ratio="1.000000" textureUnit="0"/>
      </Textures>
    </Model>
    <Model Name="Floor.ply">
      <Transform x="-30.300007" y="-2.060000" z="122.096657"/>
      <Rotation x="0.000000" y="0.000000" z="0.000000"/>
      <Scale scale="15.000000"/>
      <Textures>
        <Texture name="JungleFloor.bmp" ratio="1.000000" textureUnit="0"/>
      </Textures>
    </Model>
    <Model Name="Floor.ply">
      <Transform x="30.300007" y="-2.000000" z="30.030273"/>
      <Rotation x="0.000000" y="0.000000" z="0.000000"/>
      <Scale scale="15.000000"/>
      <Textures>
        <Texture name="JungleFloor.bmp" ratio="1.000000" textureUnit="0"/>
      </Textures>
    </Model>
    <Model Name="Floor.ply">
      <Transform x="30.450010" y="-2.000000" z="60.329166"/>
      <Rotation x="0.000000" y="0.000000" z="0.000000"/>
      <Scale scale="15.000000"/>
      <Textures>
        <Texture name="JungleFloor.bmp" ratio="1.000000" textureUnit="0"/>
      </Textures>
    </Model>
    <Model Name="Floor.ply">
      <Transform x="30.300007" y="-2.000000" z="90.627937"/>
      <Rotation x="0.000000" y="0.000000" z="0.000000"/>
      <Scale scale="15.000000"/>
      <Textures>
        <Texture name="JungleFloor.bmp" ratio="1.000000" textureUnit="0"/>
      </Textures>
    </Model>
    <Model Name="Floor.ply">
      <Transform x="30.330008" y="-2.000000" z="121.046700"/>
      <Rotation x="0.000000" y="0.000000" z="0.000000"/>
      <Scale scale="15.000000"/>
      <Textures>
        <Texture name="JungleFloor.bmp" ratio="1.000000" textureUnit="0"/>
      </Textures>
    </Model>
    <Model Name="Floor.ply">
      <Transform x="30.360008" y="-2.000000" z="-0.330000"/>
      <Rotation x="0.000000" y="0.000000" z="0.000000"/>
      <Scale scale="15.000000"/>
      <Textures>
        <Texture name="JungleFloor.bmp" ratio="1.000000" textureUnit="0"/>
      </Textures>
    </Model>
    <Model Name="Chunky.ply">
      <Transform x="0.000000" y="1.000000" z="0.000000"/>
      <Rotation x="0.000000" y="3.100000" z="0.000000"/>
      <Scale scale="1.000000"/>
      <Textures>
        <Texture name="chunky.bmp" ratio="1.000000" textureUnit="0"/>
      </Textures>
    </Model>
    <Model Name="Temple.ply">
      <Transform x="0.000000" y="-1.159999" z="450.504883"/>
      <Rotation x="0.000000" y="0.000000" z="0.000000"/>
      <Scale scale="20.000000"/>
      <Textures>
        <Texture name="Temple.bmp" ratio="1.000000" textureUnit="0"/>
      </Textures>
    </Model>
    <Model Name="Shack.ply">
      <Transform x="65.758949" y="-5.360006" z="59.669193"/>
      <Rotation x="0.000000" y="1.570800" z="0.000000"/>
      <Scale scale="2.500000"/>
      <Textures>
        <Texture name="ShackWood.bmp" ratio="1.000000" textureUnit="0"/>
      </Textures>
    </Model>
    <Model Name="GoldenBanana.ply">
      <Transform x="0.000000" y="1.000000" z="0.000000"/>
      <Rotation x="0.000000" y="3.100000" z="0.000000"/>
      <Scale scale="1.000000"/>
      <Textures>
        <Texture name="Gold.bmp" ratio="1.000000" textureUnit="0"/>
        <Texture name="BananaTranspMap.bmp" ratio="0.500000" textureUnit="7"/>
      </Textures>
    </Model>
    <Model Name="GoldenBanana.ply">
      <Transform x="0.000000" y="2.000000" z="0.000000"/>
      <Rotation x="0.000000" y="3.100000" z="0.000000"/>
      <Scale scale="1.000000"/>
      <Textures>
        <Texture name="Gold.bmp" ratio="1.000000" textureUnit="0"/>
        <Texture name="BananaTranspMap.bmp" ratio="0.400000" textureUnit="7"/>
      </Textures>
    </Model>
  </Models>

  <Lights>
    <!-- Sunlight Directional light breaks everything unless its at the end-->
    <Light>
      <Transform x="0.0f" y="10.0f" z="0.0f"></Transform>
      <Direction x="0.0f" y="-1.0f" z="0.0f"></Direction>
      <Param1 x="2.0f" y="15.0f" z="30.0f"></Param1>
      <Atten x="0.01f" y="0.0001f" z="0.00001f"></Atten>
      <Diffuse x="0.9922f" y="0.9843" z="0.8275f"></Diffuse>
    </Light>
  </Lights>
  
	<Camera>
		<Transform x="0.0f" y="20.09f" z="-116.68f"></Transform>
	</Camera>
</Scene>