<Scene>
  <!-- add a way to load used models that dont render in the begining of each scene-->

  <Models>

    <Model Name="PlainPlane.ply">
      <Transform x="0.0f" y="0.0f" z="0.0f"></Transform>
      <Rotation x="0.0f" y="0.0f" z="0.0f"></Rotation>
      <Scale scale="15.0f"></Scale>
      <Transparency a="1.000000"/>
      <Textures>
        <Texture name="Grey.bmp" ratio="1.000000" textureUnit="0"/>
      </Textures>
    </Model>
    <Model Name="Quad_2_sided_aligned_on_XY_plane.ply">
      <Transform x="0.0f" y="10.0f" z="0.0f"></Transform>
      <Rotation x="1.5708f" y="0.0f" z="0.0f"></Rotation>
      <Scale scale="30.0f"></Scale>
      <Transparency a="0.500000"/>
      <Textures>
        <Texture name="Water.bmp" ratio="1.000000" textureUnit="0"/>
      </Textures>
    </Model>
    <Model Name="PlainPlane.ply">
      <Transform x="15.0f" y="15.0f" z="0.0f"></Transform>
      <Rotation x="0.0f" y="0.0f" z="1.5708f"></Rotation>
      <Scale scale="15.0f"></Scale>
      <Transparency a="1.000000"/>
      <Textures>
        <Texture name="Grey.bmp" ratio="1.000000" textureUnit="0"/>
      </Textures>
    </Model>
    <Model Name="PlainPlane.ply">
      <Transform x="-15.0f" y="15.0f" z="0.0f"></Transform>
      <Rotation x="0.0f" y="0.0f" z="-1.5708f"></Rotation>
      <Scale scale="15.0f"></Scale>
      <Transparency a="1.000000"/>
      <Textures>
        <Texture name="Grey.bmp" ratio="1.000000" textureUnit="0"/>
      </Textures>
    </Model>
    <Model Name="PlainPlane.ply">
      <Transform x="0.0f" y="15.0f" z="15.0f"></Transform>
      <Rotation x="-1.5708f" y="1.5708f" z="0.0f"></Rotation>
      <Scale scale="15.0f"></Scale>
      <Transparency a="1.000000"/>
      <Textures>
        <Texture name="Grey.bmp" ratio="1.000000" textureUnit="0"/>
      </Textures>
    </Model>
    <Model Name="PlainPlane.ply">
      <Transform x="0.0f" y="15.0f" z="-15.0f"></Transform>
      <Rotation x="1.5708f" y="1.5708f" z="0.0f"></Rotation>
      <Scale scale="15.0f"></Scale>
      <Transparency a="1.000000"/>
      <Textures>
        <Texture name="Grey.bmp" ratio="1.000000" textureUnit="0"/>
      </Textures>
    </Model>
    
  </Models>

  <Lights>   
    <!-- Sunlight Directional light breaks everything unless its at the end-->

    <Light>
      <Transform x="0.0f" y="10.0f" z="0.0f"></Transform>
      <Direction x="0.0f" y="-1.0f" z="0.5f"></Direction>
      <Param1 x="2.0f" y="15.0f" z="30.0f"></Param1>
      <Atten x="0.01f" y="0.0001f" z="0.00001f"></Atten>
      <Diffuse x="0.9f" y="0.9f" z="0.8f"></Diffuse>
      <Specular x="0.9f" y="0.9f" z="0.8f"></Specular>
    </Light>
    
  </Lights>
  
	<Camera>
		<Transform x="0.0f" y="10.0f" z="-1.0f"></Transform>
	</Camera>
</Scene>