<Scene>
  <!-- add a way to load used models that dont render in the begining of each scene-->

  <Models>
    <Model Name="Floor.ply">
      <Transform x="0.000000" y="-2.000000" z="0.000000"/>
      <Rotation x="0.000000" y="0.000000" z="0.000000"/>
      <Scale scale="15.000000"/>
      <Textures>
        <Texture name="GravelWalkway.bmp" ratio="1.000000" textureUnit="0"/>
      </Textures>
    </Model>
    <Model Name="Floor.ply">
      <Transform x="0.000000" y="-2.000000" z="30.500000"/>
      <Rotation x="0.000000" y="0.000000" z="0.000000"/>
      <Scale scale="15.000000"/>
      <Textures>
        <Texture name="GravelWalkway.bmp" ratio="1.000000" textureUnit="0"/>
      </Textures>
    </Model>
    <Model Name="Floor.ply">
      <Transform x="0.000000" y="-2.000000" z="60.919983"/>
      <Rotation x="0.000000" y="0.000000" z="0.000000"/>
      <Scale scale="15.000000"/>
      <Textures>
        <Texture name="GravelWalkway.bmp" ratio="1.000000" textureUnit="0"/>
      </Textures>
    </Model>
    <Model Name="Floor.ply">
      <Transform x="0.000000" y="-2.000000" z="91.309967"/>
      <Rotation x="0.000000" y="0.000000" z="0.000000"/>
      <Scale scale="15.000000"/>
      <Textures>
        <Texture name="GravelWalkway.bmp" ratio="1.000000" textureUnit="0"/>
      </Textures>
    </Model>
    <Model Name="Floor.ply">
      <Transform x="0.000000" y="-2.000000" z="121.729950"/>
      <Rotation x="0.000000" y="0.000000" z="0.000000"/>
      <Scale scale="15.000000"/>
      <Textures>
        <Texture name="GravelWalkway.bmp" ratio="1.000000" textureUnit="0"/>
      </Textures>
    </Model>
    <Model Name="Floor.ply">
      <Transform x="-30.420010" y="-2.000000" z="0.000000"/>
      <Rotation x="0.000000" y="0.000000" z="0.000000"/>
      <Scale scale="15.000000"/>
      <Textures>
        <Texture name="JungleFloor.bmp" ratio="1.000000" textureUnit="0"/>
      </Textures>
    </Model>
    <Model Name="Floor.ply">
      <Transform x="-30.390009" y="-2.000000" z="30.360281"/>
      <Rotation x="0.000000" y="0.000000" z="0.000000"/>
      <Scale scale="15.000000"/>
      <Textures>
        <Texture name="JungleFloor.bmp" ratio="1.000000" textureUnit="0"/>
      </Textures>
    </Model>
    <Model Name="Floor.ply">
      <Transform x="-30.360008" y="-2.000000" z="60.749149"/>
      <Rotation x="0.000000" y="0.000000" z="0.000000"/>
      <Scale scale="15.000000"/>
      <Textures>
        <Texture name="JungleFloor.bmp" ratio="1.000000" textureUnit="0"/>
      </Textures>
    </Model>
    <Model Name="Floor.ply">
      <Transform x="-30.390009" y="-2.030000" z="91.347908"/>
      <Rotation x="0.000000" y="0.000000" z="0.000000"/>
      <Scale scale="15.000000"/>
      <Textures>
        <Texture name="JungleFloor.bmp" ratio="1.000000" textureUnit="0"/>
      </Textures>
    </Model>
    <Model Name="Floor.ply">
      <Transform x="-30.300007" y="-2.060000" z="122.096657"/>
      <Rotation x="0.000000" y="0.000000" z="0.000000"/>
      <Scale scale="15.000000"/>
      <Textures>
        <Texture name="JungleFloor.bmp" ratio="1.000000" textureUnit="0"/>
      </Textures>
    </Model>
    <Model Name="Floor.ply">
      <Transform x="30.300007" y="-2.000000" z="30.030273"/>
      <Rotation x="0.000000" y="0.000000" z="0.000000"/>
      <Scale scale="15.000000"/>
      <Textures>
        <Texture name="JungleFloor.bmp" ratio="1.000000" textureUnit="0"/>
      </Textures>
    </Model>
    <Model Name="Floor.ply">
      <Transform x="30.450010" y="-2.000000" z="60.329166"/>
      <Rotation x="0.000000" y="0.000000" z="0.000000"/>
      <Scale scale="15.000000"/>
      <Textures>
        <Texture name="JungleFloor.bmp" ratio="1.000000" textureUnit="0"/>
      </Textures>
    </Model>
    <Model Name="Floor.ply">
      <Transform x="30.300007" y="-2.000000" z="90.627937"/>
      <Rotation x="0.000000" y="0.000000" z="0.000000"/>
      <Scale scale="15.000000"/>
      <Textures>
        <Texture name="JungleFloor.bmp" ratio="1.000000" textureUnit="0"/>
      </Textures>
    </Model>
    <Model Name="Floor.ply">
      <Transform x="30.330008" y="-2.000000" z="121.046700"/>
      <Rotation x="0.000000" y="0.000000" z="0.000000"/>
      <Scale scale="15.000000"/>
      <Textures>
        <Texture name="JungleFloor.bmp" ratio="1.000000" textureUnit="0"/>
      </Textures>
    </Model>
    <Model Name="Floor.ply">
      <Transform x="30.360008" y="-2.000000" z="-0.330000"/>
      <Rotation x="0.000000" y="0.000000" z="0.000000"/>
      <Scale scale="15.000000"/>
      <Textures>
        <Texture name="JungleFloor.bmp" ratio="1.000000" textureUnit="0"/>
      </Textures>
    </Model>
    <Model Name="Chunky.ply">
      <Transform x="-2.399998" y="-1.129999" z="109.947151"/>
      <Rotation x="0.000000" y="0.2" z="0.000000"/>
      <Scale scale="1.000000"/>
      <Textures>
        <Texture name="chunky.bmp" ratio="1.000000" textureUnit="0"/>
      </Textures>
    </Model>
    <Model Name="Donky.ply">
      <Transform x="0.000000" y="-1.129999" z="0.000000"/>
      <Rotation x="0.000000" y="0.0f" z="0.000000"/>
      <Scale scale="1.000000"/>
      <Textures>
        <Texture name="donkeykong.bmp" ratio="1.000000" textureUnit="0"/>
      </Textures>
    </Model>
    <Model Name="Diddy.ply">
      <Transform x="8.250022" y="-1.369999" z="-6.060011"/>
      <Rotation x="0.000000" y="-1.860000" z="0.000000"/>
      <Scale scale="2.000000"/>
      <Textures>
        <Texture name="Diddy.bmp" ratio="1.000000" textureUnit="0"/>
      </Textures>
    </Model>
    <Model Name="Lanky.ply">
      <Transform x="75.078575" y="-1.439999" z="42.629890"/>
      <Rotation x="0.000000" y="2.000000" z="0.000000"/>
      <Scale scale="2.500000"/>
      <Textures>
        <Texture name="Lanky.bmp" ratio="1.000000" textureUnit="0"/>
      </Textures>
    </Model>
    <Model Name="Tiny.ply">
      <Transform x="69.648796" y="-1.439999" z="65.008980"/>
      <Rotation x="0.000000" y="1.300000" z="0.000000"/>
      <Scale scale="2.500000"/>
      <Textures>
        <Texture name="Tiny.bmp" ratio="1.000000" textureUnit="0"/>
      </Textures>
    </Model>
    <Model Name="Temple.ply">
      <Transform x="0.000000" y="-1.159999" z="450.504883"/>
      <Rotation x="0.000000" y="0.000000" z="0.000000"/>
      <Scale scale="20.000000"/>
      <Textures>
        <Texture name="Temple.bmp" ratio="1.000000" textureUnit="0"/>
      </Textures>
    </Model>
    <Model Name="Shack.ply">
      <Transform x="65.758949" y="-5.360006" z="59.669193"/>
      <Rotation x="0.000000" y="1.570800" z="0.000000"/>
      <Scale scale="2.500000"/>
      <Textures>
        <Texture name="ShackWood.bmp" ratio="1.000000" textureUnit="0"/>
      </Textures>
    </Model>
    <Model Name="WoodenSign.ply">
      <Transform x="15.229967" y="0.000000" z="-5.010004"/>
      <Rotation x="0.000000" y="1.570800" z="0.000000"/>
      <Scale scale="5.000000"/>
      <Textures>
        <Texture name="WoodenSign.bmp" ratio="1.000000" textureUnit="0"/>
        <Texture name="ArrowForWoodSign.bmp" ratio="1.000000" textureUnit="4"/>
      </Textures>
    </Model>

    <Model Name="Tiki.ply">
      <Transform x="14.839971" y="0.0" z="-15.209961"/>
      <Rotation x="0.000000" y="1.570800" z="0.000000"/>
      <Scale scale="3.000000"/>
      <Textures>
        <Texture name="TikiTexture.bmp" ratio="1.000000" textureUnit="0"/>
      </Textures>
    </Model>

    <Model Name="Tiki.ply">
      <Transform x="-14.839971" y="0.0" z="-15.209961"/>
      <Rotation x="0.000000" y="1.570800" z="0.000000"/>
      <Scale scale="3.000000"/>
      <Textures>
        <Texture name="TikiTexture.bmp" ratio="1.000000" textureUnit="0"/>
      </Textures>
    </Model>

    <Model Name="Tiki.ply">
      <Transform x="14.839971" y="0.0" z="81.808296"/>
      <Rotation x="0.000000" y="1.570800" z="0.000000"/>
      <Scale scale="3.000000"/>
      <Textures>
        <Texture name="TikiTexture.bmp" ratio="1.000000" textureUnit="0"/>
      </Textures>
    </Model>

    <Model Name="Tiki.ply">
      <Transform x="-14.839971" y="0.0" z="81.808296"/>
      <Rotation x="0.000000" y="1.570800" z="0.000000"/>
      <Scale scale="3.000000"/>
      <Textures>
        <Texture name="TikiTexture.bmp" ratio="1.000000" textureUnit="0"/>
      </Textures>
    </Model>
    
    <Model Name="RockingChair.ply">
      <Transform x="75.078575" y="-1.049999" z="88.468025"/>
      <Rotation x="0.000000" y="2.000000" z="0.000000"/>
      <Scale scale="2.500000"/>
      <Textures>
        <Texture name="RockingChairWood.bmp" ratio="1.000000" textureUnit="0"/>
      </Textures>
    </Model>

    <Model Name="Lamp.ply">
      <Transform x="66.108940" y="-1.259999" z="87.328072"/>
      <Rotation x="0.000000" y="0.000000" z="3.140800"/>
      <Scale scale="1.000000"/>
      <Textures>
        <Texture name="LampTexture.bmp" ratio="1.000000" textureUnit="0"/>
      </Textures>
    </Model>

    <Model Name="GoldenBanana.ply">
      <Transform x="-10.541062" y="134.676147" z="413.836456"/>
      <Rotation x="-1.570800" y="0.000000" z="0.0"/>
      <Scale scale="2.000000"/>
      <Textures>
        <Texture name="Gold.bmp" ratio="1.000000" textureUnit="0"/>
        <Texture name="BananaTranspMap.bmp" ratio="0.9" textureUnit="7"/>
      </Textures>
    </Model>

    <Model Name="GoldenBanana.ply">
      <Transform x="12.048929" y="134.946136" z="402.736908"/>
      <Rotation x="-1.570800" y="0.000000" z="0.0"/>
      <Scale scale="2.000000"/>
      <Textures>
        <Texture name="Emerald.bmp" ratio="1.000000" textureUnit="0"/>
        <Texture name="BananaTranspMap.bmp" ratio="0.7" textureUnit="7"/>
      </Textures>
    </Model>

    <Model Name="GoldenBanana.ply">
      <Transform x="12.708923" y="134.676147" z="413.836456"/>
      <Rotation x="-1.570800" y="0.000000" z="0.0"/>
      <Scale scale="2.000000"/>
      <Textures>
        <Texture name="Ruby.bmp" ratio="1.000000" textureUnit="0"/>
        <Texture name="BananaTranspMap.bmp" ratio="0.6" textureUnit="7"/>
      </Textures>
    </Model>

    <Model Name="GoldenBanana.ply">
      <Transform x="-10.541062" y="134.796143" z="402.106934"/>
      <Rotation x="-1.570800" y="0.000000" z="0.0"/>
      <Scale scale="2.000000"/>
      <Textures>
        <Texture name="Saphire.bmp" ratio="1.000000" textureUnit="0"/>
        <Texture name="BananaTranspMap.bmp" ratio="0.4" textureUnit="7"/>
      </Textures>
    </Model>

    <Model Name="KingKRool.ply">
      <Transform x="0.390000" y="134.196167" z="411.664825"/>
      <Rotation x="0.000000" y="0.0" z="0.000000"/>
      <Scale scale="1.5000000"/>
      <Textures>
        <Texture name="KRool.bmp" ratio="1.000000" textureUnit="0"/>
      </Textures>
    </Model>
    
  </Models>

  <Lights>
    <!-- main area -->
    <Light>
      <Transform x="66.108940" y="20" z="87.328072"/>
      <Direction x="0.0f" y="-1.0f" z="0.0f"></Direction>
      <Param1 x="0.0f" y="15.0f" z="100.0f"></Param1>
      <Atten x="0.011f" y="0.009f" z="0.01f"></Atten>
      <Diffuse x="1.0f" y="1.0f" z="0.2f"></Diffuse>
      <Specular x="1.0f" y="1.0f" z="0.2f"></Specular>
    </Light>
    <Light>
      <Transform x="14.839971" y="24.510000" z="-15.209961"/>
      <Direction x="0.0f" y="-1.0f" z="0.0f"></Direction>
      <Param1 x="0.0f" y="15.0f" z="20.0f"></Param1>
      <Atten x="0.011f" y="0.009f" z="0.01f"></Atten>
      <Diffuse x="1.0f" y="0.5f" z="0.2f"></Diffuse>
      <Specular x="1.0f" y="0.25f" z="0.2f"></Specular>
    </Light>
    <Light>
      <Transform x="-14.839971" y="24.510000" z="-15.209961"/>
      <Direction x="0.0f" y="-1.0f" z="0.0f"></Direction>
      <Param1 x="0.0f" y="15.0f" z="20.0f"></Param1>
      <Atten x="0.011f" y="0.009f" z="0.01f"></Atten>
      <Diffuse x="1.0f" y="0.5f" z="0.2f"></Diffuse>
      <Specular x="1.0f" y="0.25f" z="0.2f"></Specular>
    </Light>
    <Light>
      <Transform x="14.839971" y="24.510000" z="81.808296"/>
      <Direction x="0.0f" y="-1.0f" z="0.0f"></Direction>
      <Param1 x="0.0f" y="15.0f" z="20.0f"></Param1>
      <Atten x="0.011f" y="0.009f" z="0.01f"></Atten>
      <Diffuse x="1.0f" y="0.5f" z="0.2f"></Diffuse>
      <Specular x="1.0f" y="0.25f" z="0.2f"></Specular>
    </Light>
    <Light>
      <Transform x="-14.839971" y="24.510000" z="81.808296"/>
      <Direction x="0.0f" y="-1.0f" z="0.0f"></Direction>
      <Param1 x="0.0f" y="15.0f" z="20.0f"></Param1>
      <Atten x="0.011f" y="0.009f" z="0.01f"></Atten>
      <Diffuse x="1.0f" y="0.5f" z="0.2f"></Diffuse>
      <Specular x="1.0f" y="0.25f" z="0.2f"></Specular>
    </Light>

    <!-- Banana lights-->
    <Light>
      <Transform x="-10.541062" y="137.676147" z="417.836456"/>
      <Direction x="0.0f" y="-1.0f" z="0.0f"></Direction>
      <Param1 x="0.0f" y="10.0f" z="15.0f"></Param1>
      <Atten x="0.011f" y="0.01f" z="0.01f"></Atten>
      <Diffuse x="1.0f" y="0.5f" z="0.2f"></Diffuse>
      <Specular x="1.0f" y="0.5f" z="0.2f"></Specular>
    </Light>

    <Light>
      <Transform x="12.048929" y="136.946136" z="407.736908"/>
      <Direction x="0.0f" y="-1.0f" z="0.0f"></Direction>
      <Param1 x="0.0f" y="10.0f" z="15.0f"></Param1>
      <Atten x="0.011f" y="0.009f" z="0.01f"></Atten>
      <Diffuse x="0.0f" y="1.0f" z="0.0f"></Diffuse>
      <Specular x="0.0f" y="1.0f" z="0.0f"></Specular>
    </Light>

    <Light>
      <Transform x="12.708923" y="136.676147" z="418.836456"/>
      <Direction x="0.0f" y="-1.0f" z="0.0f"></Direction>
      <Param1 x="0.0f" y="10.0f" z="15.0f"></Param1>
      <Atten x="0.011f" y="0.009f" z="0.01f"></Atten>
      <Diffuse x="1.0f" y="0.0f" z="0.0f"></Diffuse>
      <Specular x="1.0f" y="0.0f" z="0.0f"></Specular>
    </Light>

    <Light>
      <Transform x="-10.541062" y="136.796143" z="405.106934"/>
      <Direction x="0.0f" y="-1.0f" z="0.0f"></Direction>
      <Param1 x="0.0f" y="10.0f" z="10.0f"></Param1>
      <Atten x="0.011f" y="0.009f" z="0.01f"></Atten>
      <Diffuse x="0.0f" y="0.0f" z="1.0f"></Diffuse>
      <Specular x="0.0f" y="0.0f" z="1.0f"></Specular>
    </Light>
    <!-- Sunlight Directional light breaks everything unless its at the end-->
    
    <Light>
      <Transform x="0.0f" y="10.0f" z="0.0f"></Transform>
      <Direction x="0.0f" y="-1.0f" z="0.5f"></Direction>
      <Param1 x="2.0f" y="15.0f" z="30.0f"></Param1>
      <Atten x="0.01f" y="0.0001f" z="0.00001f"></Atten>
      <Diffuse x="0.1f" y="0.1f" z="0.5275f"></Diffuse>
    </Light>
    
  </Lights>
  
	<Camera>
		<Transform x="0.0f" y="20.09f" z="-116.68f"></Transform>
	</Camera>
</Scene>